[
    {
        "Titre": "AMPHORES (LES) D’AUTERIVE. ÉTUDE DU COMMERCE ROMAIN AUX PORTES DE L’ARIÈGE, DE LA FIN DE L’ÉPOQUE RÉPUBLICAINE AUX PREMIERS TEMPS DE L’EMPIRE (IIème S. av. JC.-Ier S. ap. JC.)",
        "Auteur": "Laurence ALBERGHI",
        "Categorie": "Archéologie",
        "Objet": "Fouilles",
        "Fichier": "013.pdf",
        "Lien OneDrive": "https://1drv.ms/b/c/B181B8C891E3D6A4/ET4ymN6p1f9FhONQu9xDs4YBio7Kv-wrRGbSot_QhcBpRg"
    },
    {
        "Titre": "ANCIENS PEUPLES DE L'EUROPE : LES LIGURES, LES CELTES, LES GAULOIS",
        "Auteur": "G. DOTTIN",
        "Categorie": "Population",
        "Objet": "Autour d'Auterive",
        "Fichier": "026.pdf",
        "Lien OneDrive": "https://1drv.ms/b/c/B181B8C891E3D6A4/EcCHBHaRbFpEqGfwhuk7SzQBrDPxYS7A29L8lgqpTWD4Ng"
    },
    {
        "Titre": "ANTIQUITÉ (L')  GALLO-ROMAINE EN HAUTE-GARONNE",
        "Auteur": "Pierre LÉOUTRE",
        "Categorie": "Population",
        "Objet": "Autour d'Auterive",
        "Fichier": "069.pdf",
        "Lien OneDrive": "https://1drv.ms/b/c/B181B8C891E3D6A4/EZ8RwONeV61EsEt6_Rj3_hoBlvxc3JuOA1QTsegmWhXVVw"
    },
    {
        "Titre": "APPUI (L') DE COMMUNION DE L'ÉGLISE SAINT-PAUL D'AUTERIVE",
        "Auteur": "Louis LATOUR",
        "Categorie": "Monuments",
        "Objet": "Auterive",
        "Fichier": "054.pdf",
        "Lien OneDrive": "https://1drv.ms/b/c/B181B8C891E3D6A4/EcEucaLqM6RIgH7kfqS0Nn4BVQ-73oQFWduQWHyeXJfAHg"
    },
    {
        "Titre": "ARMEE (L') ANGLAISE EN LAURAGAIS  (PRINTEMPS 1814)",
        "Auteur": "Jean ODOL",
        "Categorie": "Conflits",
        "Objet": "Guerre d'Espagne",
        "Fichier": "045.pdf",
        "Lien OneDrive": "https://1drv.ms/b/c/B181B8C891E3D6A4/EeM09QoJ6YFEpwtsrCKnkiYBrWPSFfpGUNWWLFQVkcoUiw"
    },
    {
        "Titre": "ARMEE (L') REVOLUTIONNAIRE DE LA HAUTE-GARONNE",
        "Auteur": "Pierre GÉRARD",
        "Categorie": "Conflits",
        "Objet": "Révolution (la)",
        "Fichier": "062.pdf",
        "Lien OneDrive": "https://1drv.ms/b/c/B181B8C891E3D6A4/EYw-cettydVFteFT-gF9ENEBo1Qv3sfVnmLbhxVfkFj2_w"
    },
    {
        "Titre": "ARMOIRIE D'AUTERIVE",
        "Auteur": "---",
        "Categorie": "Généralités",
        "Objet": "Auterive",
        "Fichier": "089.pdf",
        "Lien OneDrive": "https://1drv.ms/b/c/B181B8C891E3D6A4/Ebr9hznsaCZOvGA6utxzINkBaJMJ5I3B_MH5dWA890yW8w"
    },
    {
        "Titre": "ARNAUD VIDAL, PREMIER LAURÉAT DES JEUX FLORAUX",
        "Auteur": "Antoine THOMAS",
        "Categorie": "Art",
        "Objet": "Autour d'Auterive",
        "Fichier": "022.pdf",
        "Lien OneDrive": "https://1drv.ms/b/c/B181B8C891E3D6A4/Eddn_TnqP7pAvExB_3W0wkoB-XoOwaR62fc5-HJYTrsrBw"
    },
    {
        "Titre": "AUTERIVE A TRAVERS L'HISTOIRE",
        "Auteur": "Louis LATOUR",
        "Categorie": "Généralités",
        "Objet": "Auterive",
        "Fichier": "099.pdf",
        "Lien OneDrive": "https://1drv.ms/b/c/B181B8C891E3D6A4/EU5zGZwLf_JEjsNQvJ00UIkBoENaxuI0SZgyKVY9AjOvJw"
    },
    {
        "Titre": "AUTOUR D'UNE VARIANTE DU CHEMIN DE SAINT-JACQUES DE TOULOUSE VERS LE HAUT COMMINGES",
        "Auteur": "Henri TREUILLE",
        "Categorie": "Transports",
        "Objet": "Autour d'Auterive",
        "Fichier": "029.pdf",
        "Lien OneDrive": "https://1drv.ms/b/c/B181B8C891E3D6A4/EUPeRNpZdF9Ht1o7Jx9i0cUBW9aAqVfDAzKN75hgMA3UnQ"
    },
    {
        "Titre": "AUTOUR DE LA BATAILLE DE MURET",
        "Auteur": "Roger CAMBOULIVES",
        "Categorie": "Archéologie",
        "Objet": "Autour d'Auterive",
        "Fichier": "056.pdf",
        "Lien OneDrive": "https://1drv.ms/b/c/B181B8C891E3D6A4/EUd_N7G2VzNPqVD-dFyc274B8lqh-nJnaoqajVqwvnL_iQ"
    },
    {
        "Titre": "BATAILLE (LA) DE BAZIEGE 1219",
        "Auteur": "Jean ODOL",
        "Categorie": "Conflits",
        "Objet": "Croisade des Albigeois",
        "Fichier": "063.pdf",
        "Lien OneDrive": "https://1drv.ms/b/c/B181B8C891E3D6A4/EeIWqZE9iv9Fm341SW75GqYBZeBPfE2t4C_zZ1aTylcLcA"
    },
    {
        "Titre": "BATAILLE DE MURET (12 septembre 1213)",
        "Auteur": "Roger CAMBOULIVES",
        "Categorie": "Conflits",
        "Objet": "Croisade des Albigeois",
        "Fichier": "008.pdf",
        "Lien OneDrive": "https://1drv.ms/b/c/B181B8C891E3D6A4/EVV9_Z66xEpKo5PdmkZtJc4B-cFreZWUIx1FaPrTRw2hPQ"
    },
    {
        "Titre": "BIOGRAPHIE DE SAINT ROCH",
        "Auteur": "Docteur COLLET",
        "Categorie": "Religion",
        "Objet": "Autour d'Auterive",
        "Fichier": "076.pdf",
        "Lien OneDrive": "https://1drv.ms/b/c/B181B8C891E3D6A4/ESe39-ovTAZEsyRbwfYvzOoBxaUNGKC8wvpE84_0WC6_OQ"
    },
    {
        "Titre": "CANDIE : LE CHÂTEAU-DÉCOR DES YSALGUIER",
        "Auteur": "Jean de SAINT BLANQUAT",
        "Categorie": "Célébrité",
        "Objet": "Ysalguier",
        "Fichier": "073.pdf",
        "Lien OneDrive": "https://1drv.ms/b/c/B181B8C891E3D6A4/EfhJYzlk229Ehm9qOA8IqkcB8E0h3lq47LXc1nT1privVw"
    },
    {
        "Titre": "CARACTERES GÉNÉRAUX DES VIEILLES EGLISES DU LAURAGAIS",
        "Auteur": "Victor ALLEGRE",
        "Categorie": "Monuments",
        "Objet": "Eglises",
        "Fichier": "010.pdf",
        "Lien OneDrive": "https://1drv.ms/b/c/B181B8C891E3D6A4/EaVkArJe0CBEkNhBu5CpYzsBXSvT4Qg6lulwvHWAQxGc_A"
    },
    {
        "Titre": "CASTRUM (LE) D'AUTERIVE, SES ORIGINES, SON HISTOIRE, SES FORTIFICATIONS",
        "Auteur": "Louis LATOUR",
        "Categorie": "Architecture",
        "Objet": "Castrum",
        "Fichier": "038.pdf",
        "Lien OneDrive": "https://1drv.ms/b/c/B181B8C891E3D6A4/EUcAVevGjphNtw26lH4kAx4BmyOXkqJQGUk01HxmOz6EGg"
    },
    {
        "Titre": "CHÂTEAU FEODAL : VIE, EDUCATION DES VASSEAUX, CONDITION FEMININE ET ESPRIT DE FAMILLE",
        "Auteur": "Abel HUGO",
        "Categorie": "Histoire",
        "Objet": "Autour d'Auterive",
        "Fichier": "104.pdf",
        "Lien OneDrive": "https://1drv.ms/b/c/B181B8C891E3D6A4/Edy2XpxyEwlFlZLjJZIyMREBdhFvQlkGi_Ite_CtptPU-A"
    },
    {
        "Titre": "CIMETIÈRE (UN) ROMAIN A USTION, A LA MADELEINE, PRÈS D'AUTERIVE",
        "Auteur": "L'abbé M.B. CARRIÈRE",
        "Categorie": "Archéologie",
        "Objet": "Fouilles",
        "Fichier": "006.pdf",
        "Lien OneDrive": "https://1drv.ms/b/c/B181B8C891E3D6A4/ESA0Ayz-RFZMlCKcp0uzbvcBVdeomqdD_v4FaYkhsvxjAQ"
    },
    {
        "Titre": "COMMUNAUTE (UNE) ET SON ORGUE, TROIS SIECLES D'HISTOIRE",
        "Auteur": "Louis LATOUR",
        "Categorie": "Monuments",
        "Objet": "Auterive",
        "Fichier": "052.pdf",
        "Lien OneDrive": "https://1drv.ms/b/c/B181B8C891E3D6A4/EXm0biM_fzRNiEK_z1eIQ98BBz-DdNoBGgmQGmQDePi_pA"
    },
    {
        "Titre": "COMTES (LES) DE TOULOUSE",
        "Auteur": "Pierre GÉRARD",
        "Categorie": "Population",
        "Objet": "Autour d'Auterive",
        "Fichier": "067.pdf",
        "Lien OneDrive": "https://1drv.ms/b/c/B181B8C891E3D6A4/EZTH9iNodSJBjXsXZFVzUUAB3-FOUUggiRdRxeAK-GtF1g"
    },
    {
        "Titre": "CORPORATIONS DE METIERS AU MOYEN-AGE : ORIGINE, PREMIERES ORGANISATIONS DES ASSOCIATIONS OUVRIERES",
        "Auteur": "---",
        "Categorie": "Histoire",
        "Objet": "Autour d'Auterive",
        "Fichier": "105.pdf",
        "Lien OneDrive": "https://1drv.ms/b/c/B181B8C891E3D6A4/ERLeiew2Mm1LsoVxK6i_FCMBkApkeqZhX_oyLPNGZbEQAA"
    },
    {
        "Titre": "CRISES (LES) DE SUBSISTANCE DANS LE MIDI TOULOUSAIN AUX XVIIème & XVIIIème SIECLES (VERS 1620-1789)",
        "Auteur": "Gilbert FLOUTARD",
        "Categorie": "Economie",
        "Objet": "Autour d'Auterive",
        "Fichier": "060.pdf",
        "Lien OneDrive": "https://1drv.ms/b/c/B181B8C891E3D6A4/EQwrcjYufMtJuJJ39L7aF4cB8p6ZMR5RRamBshQEf3OPWQ"
    },
    {
        "Titre": "DEVOIRS (LES) DE L'INSTITUTEUR COMMUNAL, IL Y A 150 ANS, EN HAUTE-GARONNE",
        "Auteur": "Gilbert FLOUTARD",
        "Categorie": "Généralités",
        "Objet": "Autour d'Auterive",
        "Fichier": "068.pdf",
        "Lien OneDrive": "https://1drv.ms/b/c/B181B8C891E3D6A4/EULuywBTJxRKmdLYSl4P9XEBNqGW-TxvAE4cz1PNX7vAsw"
    },
    {
        "Titre": "DROITS DE L'HOMME AU MOYEN-AGE, OU DE L'ACTION SOCIALE DU CLERGE",
        "Auteur": "---",
        "Categorie": "Histoire",
        "Objet": "Autour d'Auterive",
        "Fichier": "106.pdf",
        "Lien OneDrive": "https://1drv.ms/b/c/B181B8C891E3D6A4/EXS6frhRrmlAix6gB4BH6zgBLkYjSuvNJ4nvV8Q-065bng"
    },
    {
        "Titre": "DROITS ET USAGES RELATIFS AUX PONTS AU MOYEN-AGE",
        "Auteur": "---",
        "Categorie": "Histoire",
        "Objet": "Autour d'Auterive",
        "Fichier": "107.pdf",
        "Lien OneDrive": "https://1drv.ms/b/c/B181B8C891E3D6A4/EXrQAf9CwMBIuMV2mibsGooBy53OPKp0Q2EY4N5jok2LyA"
    },
    {
        "Titre": "DÉCOUVERTE D'UN PUITS FUNERAIRE A AUTERIVE",
        "Auteur": "Louis LATOUR",
        "Categorie": "Archéologie",
        "Objet": "Fouilles",
        "Fichier": "055.pdf",
        "Lien OneDrive": "https://1drv.ms/b/c/B181B8C891E3D6A4/ETrUv2-DkXNKhnDHs3xXrMABS0UkHMAv0bPHIuaNBA15vg"
    },
    {
        "Titre": "ECHANGES MIGRATOIRES ENTRE UNE VILLE ET SON ENVIRONNEMENT RURAL. EVOLUTION 1962-1975 DES VILLES DU SUD-OUEST DE LA FRANCE.",
        "Auteur": "Monique LEFEBVRE",
        "Categorie": "Population",
        "Objet": "Autour d'Auterive",
        "Fichier": "020.pdf",
        "Lien OneDrive": "https://1drv.ms/b/c/B181B8C891E3D6A4/Ed9tVK_wUKNOrFSwaqeCz-0B5UYJj294BCvAWWnJBI6yLg"
    },
    {
        "Titre": "EGLISE DE LA MADELEINE",
        "Auteur": "Casimir BARRIERE-FLAVY",
        "Categorie": "Monuments",
        "Objet": "Eglises",
        "Fichier": "096.pdf",
        "Lien OneDrive": "https://1drv.ms/b/c/B181B8C891E3D6A4/ES8pZ04beG9GkH6RxVQP_hABi1gV8YsSrOX0LwK2InBG-Q"
    },
    {
        "Titre": "ETYMOLOGIE DE AUTERIVE",
        "Auteur": "---",
        "Categorie": "Généralités",
        "Objet": "Auterive",
        "Fichier": "088.pdf",
        "Lien OneDrive": "https://1drv.ms/b/c/B181B8C891E3D6A4/EZuha0fx8DxMizhJOK2sqtMBIg8B9LENDcvO3OZ8vc7lIg"
    },
    {
        "Titre": "EXODE RURAL ET TRANSFORMATION DES  CAMPAGNES ET MIGRANTS RURAUX À AUTERIVE",
        "Auteur": "Daniel FAUDRY",
        "Categorie": "Population",
        "Objet": "Auterive",
        "Fichier": "017.pdf",
        "Lien OneDrive": "https://1drv.ms/b/c/B181B8C891E3D6A4/Eda-550cifBIg1UBmEJzOt8ByDJ2jPuh_8DyJ6TVxUEVrQ"
    },
    {
        "Titre": "FAIT (LE) COMMUNAL DANS LA BANLIEUE DE TOULOUSE",
        "Auteur": "Jean COPPOLANI",
        "Categorie": "Généralités",
        "Objet": "Autour d'Auterive",
        "Fichier": "071.pdf",
        "Lien OneDrive": "https://1drv.ms/b/c/B181B8C891E3D6A4/ERmGVbIzqN1PnMypCF3PJ_oBDhSf_VPAIzVTsNbwEqay-w"
    },
    {
        "Titre": "FAMILLE (UNE) DU XIIIème au XVIème SIÈCLE : LES YSALGUIER DE TOULOUSE",
        "Auteur": "Philippe WOLFF",
        "Categorie": "Célébrité",
        "Objet": "Ysalguier",
        "Fichier": "035.pdf",
        "Lien OneDrive": "https://1drv.ms/b/c/B181B8C891E3D6A4/EdITIeqfyVFIkAtTXUkKmq4BrUDgOTgx5n0wjXfwEdNs6w"
    },
    {
        "Titre": "FAMILLE YSALGUIER ALIAS ISALGUIER, IZALGUIER",
        "Auteur": "Etienne PATTOU",
        "Categorie": "Célébrité",
        "Objet": "Ysalguier",
        "Fichier": "080.pdf",
        "Lien OneDrive": "https://1drv.ms/b/c/B181B8C891E3D6A4/ET3y2qHcNnpDmX-m3RaLHnQB-qMYjVzF5ZpTgkzuT0gJYg"
    },
    {
        "Titre": "FIRMIN PONS",
        "Auteur": "Henri CADENAT",
        "Categorie": "Célébrité",
        "Objet": "Industrie",
        "Fichier": "027.pdf",
        "Lien OneDrive": "https://1drv.ms/b/c/B181B8C891E3D6A4/ETNtAvw27GFCtPUJ6-2-Le4BfbPLH-ts02_8V5eUm9qW6A"
    },
    {
        "Titre": "FOIRES ET MARCHÉS D'AUTERIVE",
        "Auteur": "---",
        "Categorie": "Economie",
        "Objet": "Auterive",
        "Fichier": "081.pdf",
        "Lien OneDrive": "https://1drv.ms/b/c/B181B8C891E3D6A4/EVP4CN4tdgJFu5gNEFA4recBPY1kSncXXT4_QRIJt4yrzA"
    },
    {
        "Titre": "FORTUNE (LA) FONCIÈRE D'UN SEIGNEUR TOULOUSAIN AU MILIEU DU XVème SIÈCLE (YSALGUIER)",
        "Auteur": "Philippe WOLFF",
        "Categorie": "Economie",
        "Objet": "Ysalguier",
        "Fichier": "015.pdf",
        "Lien OneDrive": "https://1drv.ms/b/c/B181B8C891E3D6A4/EY6eCW8B0p1OvhQrCPJzJsYBJK6OInLlbPTNPbhm5AiGGg"
    },
    {
        "Titre": "FOUILLES (LES) GALLO-ROMAINES D'AUTERIVE",
        "Auteur": "---",
        "Categorie": "Archéologie",
        "Objet": "Fouilles",
        "Fichier": "091.pdf",
        "Lien OneDrive": "https://1drv.ms/b/c/B181B8C891E3D6A4/EaWQhrMZVAlJl7QUX-juGiEB4aYHcMXlH6Vim7FA5V9S2g"
    },
    {
        "Titre": "FOUILLES (LES) GALLO-ROMAINES D'AUTERIVE - ETUDE DES COUCHES ANCIENNES",
        "Auteur": "Louis LATOUR",
        "Categorie": "Archéologie",
        "Objet": "Fouilles",
        "Fichier": "033.pdf",
        "Lien OneDrive": "https://1drv.ms/b/c/B181B8C891E3D6A4/EWyfDy31IsRBvSWXGGS7AD8BPz2lLR-KqLcTm0DrpnW76g"
    },
    {
        "Titre": "FOUILLES (LES) GALLO-ROMAINES D'AUTERIVE ETUDE DES COUCHES LES PLUS RECENTES",
        "Auteur": "Louis LATOUR",
        "Categorie": "Archéologie",
        "Objet": "Fouilles",
        "Fichier": "001.pdf",
        "Lien OneDrive": "https://1drv.ms/b/c/B181B8C891E3D6A4/EXozkMoBEG5IrEpiw8iKJLoBzQoH4wC3REhmaQxbfZ0x6A"
    },
    {
        "Titre": "FOUILLES DE SAUVETAGE AU LIEU-DIT SAINT PIERRE A AUTERIVE",
        "Auteur": "Jean PAULIN",
        "Categorie": "Archéologie",
        "Objet": "Fouilles",
        "Fichier": "007.pdf",
        "Lien OneDrive": "https://1drv.ms/b/c/B181B8C891E3D6A4/ERyH1wWTyPxArABG1VClFAABoE6XAyrJ4PMk8B2jlAzNPQ"
    },
    {
        "Titre": "GAZETTE (LA)  DES REMPARTS",
        "Auteur": "Les Allumés de St Paul",
        "Categorie": "Généralités",
        "Objet": "Auterive",
        "Fichier": "101.pdf",
        "Lien OneDrive": "https://1drv.ms/b/c/B181B8C891E3D6A4/EVRHvuYR_qNDrXVN_QMOrpwBkMcEISYPL2DCMcKXw8hFpA"
    },
    {
        "Titre": "GESTION (LA) ET L'ADMINISTRATION D'UNE CONFRERIE SOUS L'ANCIEN REGIME. VENERABLE CONFRERIE DE LA SAINTE TRINITE ERIGEE EN L'EGLISE PAROISSIALE SAINT-MICHEL-SAINT-PAUL DE LA VILLE D'AUTERIVE.",
        "Auteur": "Louis LATOUR",
        "Categorie": "Religion",
        "Objet": "Auterive",
        "Fichier": "051.pdf",
        "Lien OneDrive": "https://1drv.ms/b/c/B181B8C891E3D6A4/EQaIc0FFYF5AktPgNp8vPQ8BBKbHimBvBW-W9TKQwyr6Uw"
    },
    {
        "Titre": "GRAND (LE) PONT ROMAN D'AUTERIVE",
        "Auteur": "Louis LATOUR",
        "Categorie": "Monuments",
        "Objet": "Pont Roman",
        "Fichier": "053.pdf",
        "Lien OneDrive": "https://1drv.ms/b/c/B181B8C891E3D6A4/EfvrszusPXpOp1vMx_Du-UQBam049cJRMvdlMOyZ31QK4g"
    },
    {
        "Titre": "GRANDEUR ET DÉCADENCE DE LA NAVIGATION FLUVIALE : L'EXEMPLE DU BASSIN SUPÉRIEUR DE LA GARONNE DU MILIEU DU XVIIème AU MILIEU DU XIXème SIÈCLE",
        "Auteur": "Jean-Michel MINOVEZ",
        "Categorie": "Economie",
        "Objet": "Ariège (l')",
        "Fichier": "030.pdf",
        "Lien OneDrive": "https://1drv.ms/b/c/B181B8C891E3D6A4/EVP40Uo0hJpCmsnmOg5C5WYB0VqZ-bCS2cb9FIHN0dTEAw"
    },
    {
        "Titre": "GREPIAC : 1680-1690 DIFFICULTÉS ET MALHEURS D'UNE FAMILLE SEIGNEURIALE",
        "Auteur": "Henri PÉRÈS",
        "Categorie": "Population",
        "Objet": "Autour d'Auterive",
        "Fichier": "065.pdf",
        "Lien OneDrive": "https://1drv.ms/b/c/B181B8C891E3D6A4/EZd6cXrVCoZBqTjlrEo0Dy4BfKBUVhP-bXTbPzziuI-yCg"
    },
    {
        "Titre": "GREPIAC VILLAGE DU MIDI TOULOUSAIN",
        "Auteur": "Henri PÉRÈS",
        "Categorie": "Généralités",
        "Objet": "Autour d'Auterive",
        "Fichier": "043.pdf",
        "Lien OneDrive": "https://1drv.ms/b/c/B181B8C891E3D6A4/EQjEhdha3X5Mv9pRNdU1ZkwBxZaHsStyFHmHz0e3NrrXIw"
    },
    {
        "Titre": "GUES (LES) D'AUTERIVE",
        "Auteur": "Jean PAULIN",
        "Categorie": "Généralités",
        "Objet": "Ariège (l')",
        "Fichier": "034.pdf",
        "Lien OneDrive": "https://1drv.ms/b/c/B181B8C891E3D6A4/EUSZbsBpxVZLsLo7nfRcl_AB61xV5ZdL53TNtsbq-vU-8w"
    },
    {
        "Titre": "GÉOGRAPHIE DES PÉAGES DE LA GARONNE ET DE SES AFFLUENTS AU MOYEN ÂGE",
        "Auteur": "Charles HIGOUNET",
        "Categorie": "Economie",
        "Objet": "Ariège (l')",
        "Fichier": "028.pdf",
        "Lien OneDrive": "https://1drv.ms/b/c/B181B8C891E3D6A4/EfI8MCe-CRRIrTUntZsPmZYBidXD-275zSNNMn_p_unR7g"
    },
    {
        "Titre": "HALLE (LA)",
        "Auteur": "---",
        "Categorie": "Monuments",
        "Objet": "Auterive",
        "Fichier": "082.pdf",
        "Lien OneDrive": "https://1drv.ms/b/c/B181B8C891E3D6A4/EXYNVQXyYhlJl_Gp4lYQZPoBpHTUPemrRUYRq2ZOTSNwiA"
    },
    {
        "Titre": "HAUTS ET BAS DES SEIGNEURS DE PINSAGUEL, NOTABLES TOULOUSAINS",
        "Auteur": "Mme CABANIS",
        "Categorie": "Célébrité",
        "Objet": "Ysalguier",
        "Fichier": "078.pdf",
        "Lien OneDrive": "https://1drv.ms/b/c/B181B8C891E3D6A4/ETZvMaDhSvhPrxbrkTxc4TMBt95H6CpB38iuzWcoNiB3Kg"
    },
    {
        "Titre": "HISTOIRE (L') D'AUTERIVE",
        "Auteur": "Louis LATOUR",
        "Categorie": "Généralités",
        "Objet": "Auterive",
        "Fichier": "090.pdf",
        "Lien OneDrive": "https://1drv.ms/b/c/B181B8C891E3D6A4/EWTUA9qasmNBtW6fLskN27MBjy5Jebv1i_-mVruJqcyJ6g"
    },
    {
        "Titre": "HOMMES (LES) ILLUSTRES DE TOULOUSE : LES YSALGUIER",
        "Auteur": "",
        "Categorie": "Célébrité",
        "Objet": "Ysalguier",
        "Fichier": "072.pdf",
        "Lien OneDrive": "https://1drv.ms/b/c/B181B8C891E3D6A4/EcOjFHhO7BBHrfZ9lc-15J8BZH9xeTUp9dLf8Vo07MWRPw"
    },
    {
        "Titre": "HÔTEL DES YSALGUIER",
        "Auteur": "",
        "Categorie": "Célébrité",
        "Objet": "Ysalguier",
        "Fichier": "079.pdf",
        "Lien OneDrive": "https://1drv.ms/b/c/B181B8C891E3D6A4/ETPoNgxiLWRLiwtsdM3L-r4B5kE3YlTtsnAvJnNIpHJ6qw"
    },
    {
        "Titre": "IMAGES DE PROPAGANDE SUR DES INTAILLES À L'ÉPOQUE AUGUSTÉENNE EN GAULE À PROPOS D'UNE INTAILLE D'AUTERIVE",
        "Auteur": "Hélène  GUIRAUD",
        "Categorie": "Archéologie",
        "Objet": "Fouilles",
        "Fichier": "012.pdf",
        "Lien OneDrive": "https://1drv.ms/b/c/B181B8C891E3D6A4/EdS8b3__fA1CubjmyH4e3B0BYgPfsWjFOPN7clsx-4sC1Q"
    },
    {
        "Titre": "INAUGURATION DU NOUVEAU PONT RELATION DES CÉRÉMONIES CIVILES ET RELIGIEUSES QUI ONT EU LIEU LE Ier MAI 1832 , POUR LA CÉLÉBRATION DE LA FÊTE. DU ROI DES FRANÇAIS",
        "Auteur": "Raymond-Marie MAURETTE",
        "Categorie": "Architecture",
        "Objet": "Nouveau Pont",
        "Fichier": "004.pdf",
        "Lien OneDrive": "https://1drv.ms/b/c/B181B8C891E3D6A4/ETvS4j24EyFHh5q-DvNO1BoBdkG4v2oWaK4SDdBRHDvdpA"
    },
    {
        "Titre": "INFRASTRUCTURES COMMERCIALES ET DYNAMIQUES DE L’HABITAT DANS LE MIDI TOULOUSAIN DES XIIIème & XIVème SIÈCLES",
        "Auteur": "Judicaël PETRTOWISTE",
        "Categorie": "Economie",
        "Objet": "Autour d'Auterive",
        "Fichier": "031.pdf",
        "Lien OneDrive": "https://1drv.ms/b/c/B181B8C891E3D6A4/EavKZRlWq05GqJp1B40dHkoBXTERLdXrbaAuRAHlHqXTOg"
    },
    {
        "Titre": "INONDATION DE 1875",
        "Auteur": "Léopold MAYRAC",
        "Categorie": "Histoire",
        "Objet": "Ariège (l')",
        "Fichier": "086.pdf",
        "Lien OneDrive": "https://1drv.ms/b/c/B181B8C891E3D6A4/Ed38ASHBYv5Jtf7WkQsvtNMBcfzzAEudfYeud3QvUmSSCA"
    },
    {
        "Titre": "INSURRECTION (L') ROYALISTE EN LAURAGAIS AOUT - SEPTEMBRE 1799",
        "Auteur": "Jean ODOL",
        "Categorie": "Conflits",
        "Objet": "Révolution (la)",
        "Fichier": "044.pdf",
        "Lien OneDrive": "https://1drv.ms/b/c/B181B8C891E3D6A4/ESIqhBLznqRLmMYD2aZCySAB3j6z_3k-p9L_AECV7IcONw"
    },
    {
        "Titre": "LABRUYÈRE-DORSA",
        "Auteur": "Louis LATOUR",
        "Categorie": "Généralités",
        "Objet": "Autour d'Auterive",
        "Fichier": "050.pdf",
        "Lien OneDrive": "https://1drv.ms/b/c/B181B8C891E3D6A4/EekVJwGr1NZDhtXyX7eU7zwBmZXo3TnR5rUTSVq26QquTQ"
    },
    {
        "Titre": "LAMPES (LES) À HUILE ANTIQUES D'AUTERIVE",
        "Auteur": "Louis LATOUR",
        "Categorie": "Archéologie",
        "Objet": "Fouilles",
        "Fichier": "003.pdf",
        "Lien OneDrive": "https://1drv.ms/b/c/B181B8C891E3D6A4/EW74LfeEUH9ClZdCs6AAW9MBtsVPnsG8Lq2FZY26mbaxKw"
    },
    {
        "Titre": "LAURAGAIS (LE) BERCEAU DU CATHARISME OCCITAN - 1167",
        "Auteur": "Jean ODOL",
        "Categorie": "Religion",
        "Objet": "Autour d'Auterive",
        "Fichier": "047.pdf",
        "Lien OneDrive": "https://1drv.ms/b/c/B181B8C891E3D6A4/ESxPppiVM1tLhWSIvB2inRQBiBj0QLa0a8NZXFChJnwv5g"
    },
    {
        "Titre": "LAURAGAIS (LE) DE L'AN 1000",
        "Auteur": "Jean ODOL",
        "Categorie": "Population",
        "Objet": "Autour d'Auterive",
        "Fichier": "046.pdf",
        "Lien OneDrive": "https://1drv.ms/b/c/B181B8C891E3D6A4/EWaX0Xj6nuVDmLR8_lwTN0IBufrxe0yBOgXrgpXygOLIkg"
    },
    {
        "Titre": "LEPROSERIE D'AUTERIVE",
        "Auteur": "---",
        "Categorie": "Monuments",
        "Objet": "Auterive",
        "Fichier": "094.pdf",
        "Lien OneDrive": "https://1drv.ms/b/c/B181B8C891E3D6A4/EVs6yjbnzuhEnrRIzSdWeIIBH8Ey87zipknJw7L7j6rgjQ"
    },
    {
        "Titre": "LETTRE A JEAN-PIERRE DUPRAT ECUYER DE GREPIAC",
        "Auteur": "Henri PÉRÈS",
        "Categorie": "Généralités",
        "Objet": "Autour d'Auterive",
        "Fichier": "048.pdf",
        "Lien OneDrive": "https://1drv.ms/b/c/B181B8C891E3D6A4/EZfpS_V72rNGgm1rTI810P8BEGd_k-x3NUR6eNuWOHsa4g"
    },
    {
        "Titre": "MAIRIE (LA)",
        "Auteur": "Nicole RISBEC",
        "Categorie": "Monuments",
        "Objet": "Auterive",
        "Fichier": "093.pdf",
        "Lien OneDrive": "https://1drv.ms/b/c/B181B8C891E3D6A4/EYSsf5MU5d1LiLEJXLEQ5wMBRMmBf7Xn16Z1MipGSD4t7w"
    },
    {
        "Titre": "MAIS QUI ETAIENT CES YSALGUIER ?",
        "Auteur": "Jean Marc DAVID",
        "Categorie": "Célébrité",
        "Objet": "Ysalguier",
        "Fichier": "098.pdf",
        "Lien OneDrive": "https://1drv.ms/b/c/B181B8C891E3D6A4/EfsDHKY4ygpGg7ndxfGkv7sBvnDTluIAOhQ9g3p3x1aqtg"
    },
    {
        "Titre": "MANUFACTURES (LES) ROYALES DE DRAPS FINS DU MIDI TOULOUSAIN ET LEURS ENTREPRENEURS AU XVIIIème SIÈCLE",
        "Auteur": "Jean-Michel MINOVEZ",
        "Categorie": "Economie",
        "Objet": "Industrie",
        "Fichier": "014.pdf",
        "Lien OneDrive": "https://1drv.ms/b/c/B181B8C891E3D6A4/EWMqHGCEKC1IuCFJ7j2n6xwBE3asgHnfBYmVatsrs7tnJA"
    },
    {
        "Titre": "MARBRES (LES) DE CAUNES MARBRIERS ET SCULPTEURS AUX XVIIème & XVIIIème SIÈCLES",
        "Auteur": "",
        "Categorie": "Monuments",
        "Objet": "Eglises",
        "Fichier": "005.pdf",
        "Lien OneDrive": "https://1drv.ms/b/c/B181B8C891E3D6A4/EWeC170xORRKlnHJ4lAB3zYBmPK6xjYU64RALT4ei3LPaw"
    },
    {
        "Titre": "MARINIERS (LES) D'AUTERIVE",
        "Auteur": "Léopold MAYRAC",
        "Categorie": "Economie",
        "Objet": "Ariège (l')",
        "Fichier": "087.pdf",
        "Lien OneDrive": "https://1drv.ms/b/c/B181B8C891E3D6A4/EYC-F4h_x_BImhLXq-SXQX4BwcDshKYJ_oMSIT3KFAI3tA"
    },
    {
        "Titre": "MIGRATIONS (LES) ALTERNANTES VERS TOULOUSE EN 1954 & 1962",
        "Auteur": "Jean COPPOLANI",
        "Categorie": "Population",
        "Objet": "Autour d'Auterive",
        "Fichier": "016.pdf",
        "Lien OneDrive": "https://1drv.ms/b/c/B181B8C891E3D6A4/Ef3AUSCnuXJGtLxWFOynBykBNCaX9_uyaREdBN2WxUlBxg"
    },
    {
        "Titre": "MONASTERE (LE)  DES CLARISSES",
        "Auteur": "A. BOSQUET",
        "Categorie": "Religion",
        "Objet": "Auterive",
        "Fichier": "095.pdf",
        "Lien OneDrive": "https://1drv.ms/b/c/B181B8C891E3D6A4/EQGxGsYNU2pMkdmj4dl0ztwBVZ0EGgEEUihyACTR3z044w"
    },
    {
        "Titre": "MONNAIES (LES) JULIO-CLAUDIENNES DU SITE DU PURGATOIRE À AUTERIVE",
        "Auteur": "Vincent GENEVIÈVE",
        "Categorie": "Archéologie",
        "Objet": "Fouilles",
        "Fichier": "002.pdf",
        "Lien OneDrive": "https://1drv.ms/b/c/B181B8C891E3D6A4/EWr7jTU9yEFOnWea6wGgKEEBSjvxz3DRp0jxfxrL9-DEFA"
    },
    {
        "Titre": "MONOGRAPHIE AUTERIVE QUARTIER MADELEINE - 1887",
        "Auteur": "Léopold MAYRAC",
        "Categorie": "Généralités",
        "Objet": "Auterive",
        "Fichier": "041.pdf",
        "Lien OneDrive": "https://1drv.ms/b/c/B181B8C891E3D6A4/EQ3KAag3DJxIuo2_ZVR6v_sBOnFge3P_EI1EVfcHBnQfTA"
    },
    {
        "Titre": "MONOGRAPHIE AUTERIVE QUARTIER SAINT PAUL - 1885",
        "Auteur": "ESCAZAUX",
        "Categorie": "Généralités",
        "Objet": "Auterive",
        "Fichier": "040.pdf",
        "Lien OneDrive": "https://1drv.ms/b/c/B181B8C891E3D6A4/EShd9m7CAx1DhE48yFc_6qEBv1Wwt4HlEgYz-BrZDZ05sA"
    },
    {
        "Titre": "NAISSANCE (LA) ET LE DEVELOPPEMENT DES VILLAGES DE LA HAUTE GARONNE AU MOYEN AGE",
        "Auteur": "Jean-Loup ABBÉ",
        "Categorie": "Généralités",
        "Objet": "Autour d'Auterive",
        "Fichier": "049.pdf",
        "Lien OneDrive": "https://1drv.ms/b/c/B181B8C891E3D6A4/EQ5ChecYbQhKoEeq7NBJ4qQBc2wuTxSJLnU-LD1YMt9B3g"
    },
    {
        "Titre": "NOTRE-DAME DU CHÂTEAU",
        "Auteur": "Louis LATOUR",
        "Categorie": "Religion",
        "Objet": "Eglises",
        "Fichier": "097.pdf",
        "Lien OneDrive": "https://1drv.ms/b/c/B181B8C891E3D6A4/EYuLZsKjXxJEgT2LM8-JzCYB8zClgxaUf9Vug-XVVPFF2w"
    },
    {
        "Titre": "NOTRE-DAME DU CHÂTEAU : LÉGENDES AUTERIVAINES",
        "Auteur": "Frédéric MONDOUIS",
        "Categorie": "Religion",
        "Objet": "Eglises",
        "Fichier": "042.pdf",
        "Lien OneDrive": "https://1drv.ms/b/c/B181B8C891E3D6A4/EVPR6F3k8ZhDlFBh0i6U_GcBE21BXuK_dfLSEh6-xrEfvA"
    },
    {
        "Titre": "ORIGINE ET HISTOIRE DU DEPARTEMENT DE LA HAUTE GARONNE",
        "Auteur": "---",
        "Categorie": "Généralités",
        "Objet": "Autour d'Auterive",
        "Fichier": "103.pdf",
        "Lien OneDrive": "https://1drv.ms/b/c/B181B8C891E3D6A4/EUs09Lm0l6RJoL9axi-B9mABEHvOblRZirLYY8zSRqCVrA"
    },
    {
        "Titre": "PAYS (LE) DE CINTEGABELLE",
        "Auteur": "René BORDES",
        "Categorie": "Généralités",
        "Objet": "Autour d'Auterive",
        "Fichier": "057.pdf",
        "Lien OneDrive": "https://1drv.ms/b/c/B181B8C891E3D6A4/EVrPMVbJ0SpEhZjF80CYaH0BdgMELVl227v0xzomf5rl5A"
    },
    {
        "Titre": "PEINTRE (LE) ANTOINE LA PENNE",
        "Auteur": "Jacotin de ROSIERE",
        "Categorie": "Art",
        "Objet": "Auterive",
        "Fichier": "025.pdf",
        "Lien OneDrive": "https://1drv.ms/b/c/B181B8C891E3D6A4/ERa0mECBx0FCrlBsqNuJLJEBH9JKnyKVqaX0KVF62Pox2Q"
    },
    {
        "Titre": "PRINCIPALES DATES DE L'HISTOIRE D'AUTERIVE",
        "Auteur": "Jean Marc DAVID",
        "Categorie": "Généralités",
        "Objet": "Auterive",
        "Fichier": "077.pdf",
        "Lien OneDrive": "https://1drv.ms/b/c/B181B8C891E3D6A4/EWMvR_z2YMVFlPxVscvJb6AByLMxPMukm3yx4QU-gd_znA"
    },
    {
        "Titre": "PUBLICITÉ (UNE) MURALE POUR LE CHOCOLAT YO-YO (R 229 PEINTURES MURALES ET PUBLICITÉS PHARMACEUTIQUES)",
        "Auteur": "Thierry LEFEBVRE",
        "Categorie": "Economie",
        "Objet": "Autour d'Auterive",
        "Fichier": "021.pdf",
        "Lien OneDrive": "https://1drv.ms/b/c/B181B8C891E3D6A4/EeKydtkKlkhPjTTOiwNvV7UBcM5U9pkgKGFvldtAPg8JTg"
    },
    {
        "Titre": "PYRENEEN (UN) GALLO-ROMAIN EMIGRE EN LAURAGAIS",
        "Auteur": "Georges FOUET",
        "Categorie": "Population",
        "Objet": "Autour d'Auterive",
        "Fichier": "059.pdf",
        "Lien OneDrive": "https://1drv.ms/b/c/B181B8C891E3D6A4/ET496yCxDVRLvKi7qBzIwrcBYCe_ilPI8o2Wi1a50iO5sA"
    },
    {
        "Titre": "QUELQUES NOTES CONCERNANT LES DROITS FÉODAUX ET SEIGNEURIAUX EN LAURAGAIS, SOUS L'ANCIEN RÉGIME",
        "Auteur": "Louis LATOUR",
        "Categorie": "Population",
        "Objet": "Autour d'Auterive",
        "Fichier": "039.pdf",
        "Lien OneDrive": "https://1drv.ms/b/c/B181B8C891E3D6A4/EZHz2MAYZoNKiveXSuZqBlIBk75enR9ixwg2RCjWfnAdlg"
    },
    {
        "Titre": "RAMIÈRE DE FORTANIER (LIEUTENANT JEAN) : CHARTES DE FRANCHISES DU LAURAGAIS",
        "Auteur": "Georges JORRÉ",
        "Categorie": "Economie",
        "Objet": "Autour d'Auterive",
        "Fichier": "018.pdf",
        "Lien OneDrive": "https://1drv.ms/b/c/B181B8C891E3D6A4/EYaSShuJyfxMo8BAq9aJpeEBRosvAgGMlGx4HKVH4HcqDg"
    },
    {
        "Titre": "RAYMOND YSALGUIER",
        "Auteur": "---",
        "Categorie": "Célébrité",
        "Objet": "Ysalguier",
        "Fichier": "102.pdf",
        "Lien OneDrive": "https://1drv.ms/b/c/B181B8C891E3D6A4/EXUJOy2ZbXNHvJwsQ9BWlIABs8BH9qqnoaLDwQRB_hAdGw"
    },
    {
        "Titre": "RECHERCHES CAMPANAIRES : LA CLOCHE ANCIENNE D'AUTERIVE ET LA CLOCHE DISPARUE DE BEAUMONT-SUR-LÈZE",
        "Auteur": "Louis LATOUR",
        "Categorie": "Monuments",
        "Objet": "Eglises",
        "Fichier": "037.pdf",
        "Lien OneDrive": "https://1drv.ms/b/c/B181B8C891E3D6A4/EQsmJQO9z6xHhPZcuLlB30MBjCNHw7aRCrBe_JRxAWUznQ"
    },
    {
        "Titre": "RECHERCHES SUR LES MOULINS D'AUTERIVE",
        "Auteur": "Louis LATOUR",
        "Categorie": "Economie",
        "Objet": "Industrie",
        "Fichier": "085.pdf",
        "Lien OneDrive": "https://1drv.ms/b/c/B181B8C891E3D6A4/EePqmrARKdZCq0vQwln4IHEB_SIHIYjqetlT1uub0rjAXg"
    },
    {
        "Titre": "REVOLUTION (LA) DANS LA REGION TOULOUSAINE",
        "Auteur": "Georges FOURNIER",
        "Categorie": "Conflits",
        "Objet": "Révolution (la)",
        "Fichier": "061.pdf",
        "Lien OneDrive": "https://1drv.ms/b/c/B181B8C891E3D6A4/EW3IkFBybiNMiMoDEVxcYwwBVM2pkhCbyNGRoaOyN9q_Wg"
    },
    {
        "Titre": "REVOLUTION (LA) DANS UNE PETITE VILLE DU PAYS TOULOUSAIN",
        "Auteur": "Jean COPPOLANI",
        "Categorie": "Conflits",
        "Objet": "Révolution (la)",
        "Fichier": "023.pdf",
        "Lien OneDrive": "https://1drv.ms/b/c/B181B8C891E3D6A4/EThn48dhXV5Bsk5iCxIKIJcBSZMBSICm3NPju9aFObpxuQ"
    },
    {
        "Titre": "REVOLUTION (LA) DANS UNE PETITE VILLE DU PAYS TOULOUSAIN - AUTERIVE",
        "Auteur": "Jean COPPOLANI",
        "Categorie": "Conflits",
        "Objet": "Révolution (la)",
        "Fichier": "100.pdf",
        "Lien OneDrive": "https://1drv.ms/b/c/B181B8C891E3D6A4/EVS7bhWLGIpAnR-Do-4cT24BLtxFhfS7U4imVJu7Tnr9qw"
    },
    {
        "Titre": "SIÈGE (LE) DE MIREMONT",
        "Auteur": "Louis LATOUR",
        "Categorie": "Conflits",
        "Objet": "Guerres de religion",
        "Fichier": "064.pdf",
        "Lien OneDrive": "https://1drv.ms/b/c/B181B8C891E3D6A4/EUKGDT3zpXBNnOp3mLK69eMBeQkgc8crpoQjt9l2TzRUKQ"
    },
    {
        "Titre": "SUR LA ROUTE DU SEL AUX XIème & XVème SIECLES",
        "Auteur": "Jean ODOL",
        "Categorie": "Transports",
        "Objet": "Autour d'Auterive",
        "Fichier": "032.pdf",
        "Lien OneDrive": "https://1drv.ms/b/c/B181B8C891E3D6A4/EYvs7zx0gOxHit2Iy8F9BLUBX-uhD12IySzyQD40wfRiDg"
    },
    {
        "Titre": "TOLÉRANCE ET INTOLÉRANCE À TOULOUSE ET DANS LE MIDI TOULOUSAIN DU XIème au XXème SIÈCLE",
        "Auteur": "Pierre GÉRARD",
        "Categorie": "Population",
        "Objet": "Autour d'Auterive",
        "Fichier": "070.pdf",
        "Lien OneDrive": "https://1drv.ms/b/c/B181B8C891E3D6A4/ERxSLaFsm_tErja4ugrxtqMBYYmTUt37GuvZ-FKX36dReQ"
    },
    {
        "Titre": "TRAFIC (LE) COMMERCIALE SUR LA GARONNE AU XVIIème SIECLE",
        "Auteur": "Robert FOCH",
        "Categorie": "Economie",
        "Objet": "Auterive",
        "Fichier": "058.pdf",
        "Lien OneDrive": "https://1drv.ms/b/c/B181B8C891E3D6A4/EamozSmeeLNDuIQ-Q3rpOrIBrQJMCZis_pOamX6BLno35w"
    },
    {
        "Titre": "TROIS DOCUMENTS SUR LES TRÉSORS DES MONNAIES À \"LA CROIX\" D'AUTERIVE",
        "Auteur": "Georges DEPEYROT",
        "Categorie": "Archéologie",
        "Objet": "Fouilles",
        "Fichier": "019.pdf",
        "Lien OneDrive": "https://1drv.ms/b/c/B181B8C891E3D6A4/EUbgQlspIW1KvB1zulbvasMBT4eM-kneb1Gnm4Djy1TeOQ"
    },
    {
        "Titre": "TRÉSOR (LE) DE MONNAIES GAULOISES A \"LA CROIX\" D'AUTERIVE",
        "Auteur": "Louis MEDOC Georges SAVES Claude TRICHE",
        "Categorie": "Archéologie",
        "Objet": "Fouilles",
        "Fichier": "009.pdf",
        "Lien OneDrive": "https://1drv.ms/b/c/B181B8C891E3D6A4/EaFeS6lsZc1EoOk_zqw8CvUBm60btmi5_XjUSh_NqaZpBw"
    },
    {
        "Titre": "VALLUMS (LES) MORAINIQUES ET LES TERRASSES DES DERNIÈRES GLACIATIONS DANS LA RÉGION PRÉPYRÉNÉENNE ET SON AVANT-PAYS",
        "Auteur": "Lucien GORON",
        "Categorie": "Environnement",
        "Objet": "Ariège (l')",
        "Fichier": "024.pdf",
        "Lien OneDrive": "https://1drv.ms/b/c/B181B8C891E3D6A4/EfRli4f-veBGns1tzgwiEOkBDBeLPFRmkQxH67GQ2ZdoPQ"
    },
    {
        "Titre": "VENT (LE) D'AUTAN",
        "Auteur": "Jean ODOL",
        "Categorie": "Environnement",
        "Objet": "Autour d'Auterive",
        "Fichier": "036.pdf",
        "Lien OneDrive": "https://1drv.ms/b/c/B181B8C891E3D6A4/EasxZXx-pZBLopIdKSIG1kgBGPCuW51c0SqoxNt91a6uOQ"
    },
    {
        "Titre": "VESTIGES HISTORIQUES A AUTERIVE",
        "Auteur": "---",
        "Categorie": "Archéologie",
        "Objet": "Fouilles",
        "Fichier": "092.pdf",
        "Lien OneDrive": "https://1drv.ms/b/c/B181B8C891E3D6A4/EUnHGpowP6hIrPQgop4Q10EBYCSrey-zFCUEKWnE46WycA"
    },
    {
        "Titre": "VESTIGES HISTORIQUES À AUTERIVE",
        "Auteur": "Casimir BARRIERE-FLAVY",
        "Categorie": "Archéologie",
        "Objet": "Fouilles",
        "Fichier": "083.pdf",
        "Lien OneDrive": "https://1drv.ms/b/c/B181B8C891E3D6A4/EQYganofRelPi41zkHVVp94Bz1xoLu0ViHsRuxGgadQSUw"
    },
    {
        "Titre": "VIEILLE (UNE) FAMILLE DE TOULOUSE : LES YSALGUIER.",
        "Auteur": "Philippe WOLFF",
        "Categorie": "Célébrité",
        "Objet": "Ysalguier",
        "Fichier": "074.pdf",
        "Lien OneDrive": "https://1drv.ms/b/c/B181B8C891E3D6A4/EUzd1i9p4N5OgSKDECL6YWYBuLrnVh0eGhMCTeFYIXsN4g"
    },
    {
        "Titre": "VIEILLES MAISONS D'AUTERIVE",
        "Auteur": "Casimir BARRIERE-FLAVY",
        "Categorie": "Architecture",
        "Objet": "Auterive",
        "Fichier": "084.pdf",
        "Lien OneDrive": "https://1drv.ms/b/c/B181B8C891E3D6A4/EVRUqDxD6hxHvEXPJiehPaABSdCc2BqgGEXJ5W_eR53vpg"
    },
    {
        "Titre": "VILLES ET CAMPAGNES DANS LE MIDI FRANÇAIS MÉDIÉVAL",
        "Auteur": "Philippe WOLFF",
        "Categorie": "Population",
        "Objet": "Autour d'Auterive",
        "Fichier": "011.pdf",
        "Lien OneDrive": "https://1drv.ms/b/c/B181B8C891E3D6A4/EbPawHiIxO9CpwMOccwOZbUBrBG-g3yM78ULA4AOHjZccw"
    },
    {
        "Titre": "WISIGOTHS (LES) DANS LE SUD-OUEST",
        "Auteur": "Pierre GÉRARD",
        "Categorie": "Population",
        "Objet": "Autour d'Auterive",
        "Fichier": "066.pdf",
        "Lien OneDrive": "https://1drv.ms/b/c/B181B8C891E3D6A4/EdARcgMBrxdHtF0NQNRY7WgBT3C4mmQHtHsBqi8k59fWcg"
    },
    {
        "Titre": "ÂGE (L')  D'OR DES YSALGUIER",
        "Auteur": "Christian ISALGUIER",
        "Categorie": "Célébrité",
        "Objet": "Ysalguier",
        "Fichier": "075.pdf",
        "Lien OneDrive": "https://1drv.ms/b/c/B181B8C891E3D6A4/ER8DCw_gMiBJnijDkLOBxVwBDrYl08YGzpHmGL9Qchf27g"
    }
]